metric,raw_value,cleaned_value,difference_pct,impact
Total Trips,9164562.0,9164562.0,0.0,LOW
Avg Revenue/Trip,28.44430983390155,28.44430983390155,0.0,LOW
Avg Distance,3.472804011801108,3.472804011801108,0.0,LOW
Avg Tip %,18.93650503657836,18.93650503657836,0.0,LOW
Avg Fare Amount,19.71020741198542,19.71020741198542,0.0,LOW
